{
    "total_runtime": 1166.8871054649353,
    "num_documents": 20,
    "input_load_time": 0,
    "workflows": {
        "create_base_text_units": {
            "overall": 0.27538013458251953,
            "0_orderby": 0.005003213882446289,
            "1_zip": 0.003013134002685547,
            "2_aggregate_override": 0.009993314743041992,
            "3_chunk": 0.20549917221069336,
            "4_select": 0.0051271915435791016,
            "5_unroll": 0.007368564605712891,
            "6_rename": 0.003989458084106445,
            "7_genid": 0.0050122737884521484,
            "8_unzip": 0.0050013065338134766,
            "9_copy": 0.0050048828125,
            "10_filter": 0.018354177474975586
        },
        "create_base_extracted_entities": {
            "overall": 1166.1221153736115,
            "0_entity_extract": 1166.0900769233704,
            "1_snapshot": 0.007893562316894531,
            "2_merge_graphs": 0.010136842727661133,
            "3_snapshot_rows": 0.008008003234863281
        },
        "create_summarized_entities": {
            "overall": 0.02567601203918457,
            "0_summarize_descriptions": 0.011011362075805664,
            "1_snapshot_rows": 0.009004831314086914
        }
    }
}