{
    "total_runtime": 482.4898633956909,
    "num_documents": 6,
    "input_load_time": 0,
    "workflows": {
        "create_base_text_units": {
            "overall": 0.5245897769927979,
            "0_orderby": 0.013011455535888672,
            "1_zip": 0.005838871002197266,
            "2_aggregate_override": 0.010073184967041016,
            "3_chunk": 0.35297250747680664,
            "4_select": 0.010514974594116211,
            "5_unroll": 0.007797718048095703,
            "6_rename": 0.004508495330810547,
            "7_genid": 0.00600123405456543,
            "8_unzip": 0.024996042251586914,
            "9_copy": 0.008422136306762695,
            "10_filter": 0.07593488693237305
        },
        "create_base_extracted_entities": {
            "overall": 416.97501492500305,
            "0_entity_extract": 416.93118810653687,
            "1_snapshot": 0.00809335708618164,
            "2_merge_graphs": 0.015007972717285156,
            "3_snapshot_rows": 0.012998819351196289
        },
        "create_summarized_entities": {
            "overall": 0.030009031295776367,
            "0_summarize_descriptions": 0.013002157211303711,
            "1_snapshot_rows": 0.010005712509155273
        },
        "create_base_entity_graph": {
            "overall": 0.05586123466491699,
            "0_cluster_graph": 0.021005630493164062,
            "1_snapshot_rows": 0.010002374649047852,
            "2_snapshot_rows": 0.010560035705566406,
            "3_select": 0.00829315185546875
        },
        "create_final_entities": {
            "overall": 0.2868015766143799,
            "0_unpack_graph": 0.009993791580200195,
            "1_rename": 0.010000467300415039,
            "2_select": 0.010002851486206055,
            "3_dedupe": 0.010977029800415039,
            "4_rename": 0.010003805160522461,
            "5_filter": 0.028126001358032227,
            "6_text_split": 0.014630556106567383,
            "7_drop": 0.011995553970336914,
            "8_merge": 0.012002229690551758,
            "9_text_embed": 0.11915373802185059,
            "10_drop": 0.013003110885620117,
            "11_filter": 0.028006553649902344
        },
        "create_final_nodes": {
            "overall": 0.2621121406555176,
            "0_layout_graph": 0.019635677337646484,
            "1_unpack_graph": 0.017003297805786133,
            "2_unpack_graph": 0.014003992080688477,
            "3_drop": 0.016355514526367188,
            "4_filter": 0.03886246681213379,
            "5_select": 0.014992475509643555,
            "6_snapshot": 0.015004396438598633,
            "7_rename": 0.015002012252807617,
            "8_join": 0.02271890640258789,
            "9_convert": 0.060025691986083984,
            "10_rename": 0.01599597930908203
        },
        "create_final_communities": {
            "overall": 0.4613077640533447,
            "0_unpack_graph": 0.021516084671020508,
            "1_unpack_graph": 0.01590871810913086,
            "2_aggregate_override": 0.029211759567260742,
            "3_join": 0.036550045013427734,
            "4_join": 0.04098987579345703,
            "5_concat": 0.017772197723388672,
            "6_filter": 0.05646800994873047,
            "7_aggregate_override": 0.02715301513671875,
            "8_join": 0.034870147705078125,
            "9_filter": 0.05337238311767578,
            "10_fill": 0.03372478485107422,
            "11_merge": 0.025261878967285156,
            "12_copy": 0.019999980926513672,
            "13_select": 0.03198647499084473
        },
        "join_text_units_to_entity_ids": {
            "overall": 0.09933948516845703,
            "0_select": 0.022513866424560547,
            "1_unroll": 0.029029130935668945,
            "2_aggregate_override": 0.022775888442993164
        },
        "create_final_relationships": {
            "overall": 0.44686365127563477,
            "0_unpack_graph": 0.028902530670166016,
            "1_filter": 0.05629730224609375,
            "2_rename": 0.0260162353515625,
            "3_filter": 0.05197286605834961,
            "4_drop": 0.02100372314453125,
            "5_compute_edge_combined_degree": 0.07005882263183594,
            "6_convert": 0.1403031349182129,
            "7_convert": 0.03330588340759277
        },
        "join_text_units_to_relationship_ids": {
            "overall": 0.16537690162658691,
            "0_select": 0.0405120849609375,
            "1_unroll": 0.034392356872558594,
            "2_aggregate_override": 0.02391672134399414,
            "3_select": 0.03188896179199219
        },
        "create_final_community_reports": {
            "overall": 58.53015065193176,
            "0_prepare_community_reports_nodes": 0.049527645111083984,
            "1_prepare_community_reports_edges": 0.02959418296813965,
            "2_restore_community_hierarchy": 0.06589937210083008,
            "3_prepare_community_reports": 0.1520857810974121,
            "4_create_community_reports": 58.17179274559021,
            "5_window": 0.025007247924804688
        },
        "create_final_text_units": {
            "overall": 0.1972801685333252,
            "0_select": 0.026076316833496094,
            "1_rename": 0.024928569793701172,
            "2_join": 0.031748056411743164,
            "3_join": 0.031014204025268555,
            "4_aggregate_override": 0.03146004676818848,
            "5_select": 0.027524232864379883
        },
        "create_base_documents": {
            "overall": 0.35205769538879395,
            "0_unroll": 0.03101325035095215,
            "1_select": 0.02601170539855957,
            "2_rename": 0.028011083602905273,
            "3_join": 0.03187894821166992,
            "4_aggregate_override": 0.02901172637939453,
            "5_join": 0.06100654602050781,
            "6_rename": 0.028069257736206055,
            "7_convert": 0.09004902839660645
        },
        "create_final_documents": {
            "overall": 0.05770730972290039,
            "0_rename": 0.029359817504882812
        }
    }
}